Workbook

Sheet Data
A1: Year | B1: Industry | C1: State | D1: Establishments | E1: Employees | F1: Avg Annual Wage
A2: 2020 | B2: Natural Resources | C2: Alabama | D2: 1829 | E2: 18051 | F2: 58872
A3: 2020 | B3: Natural Resources | C3: Arizona | D3: 1354 | E3: 35607 | F3: 55216
A4: 2020 | B4: Natural Resources | C4: Arkansas | D4: 2565 | E4: 15961 | F4: 49909
A5: 2020 | B5: Natural Resources | C5: California | D5: 17651 | E5: 425665 | F5: 42534
A6: 2020 | B6: Natural Resources | C6: Colorado | D6: 3312 | E6: 41633 | F6: 91879
A7: 2020 | B7: Natural Resources | C7: Connecticut | D7: 467 | E7: 5260 | F7: 43142
A8: 2020 | B8: Natural Resources | C8: Delaware | D8: 186 | E8: 1317 | F8: 43290
A9: 2020 | B9: Natural Resources | C9: Florida | D9: 5394 | E9: 71107 | F9: 37717
A10: 2020 | B10: Natural Resources | C10: Georgia | D10: 2794 | E10: 29309 | F10: 45978
A11: 2020 | B11: Natural Resources | C11: Idaho | D11: 2531 | E11: 27020 | F11: 42820
A12: 2020 | B12: Natural Resources | C12: Illinois | D12: 2818 | E12: 24933 | F12: 52259
A13: 2020 | B13: Natural Resources | C13: Indiana | D13: 2302 | E13: 20872 | F13: 50732
... A1919: 2017 | B1919: Other Services | C1919: Wyoming | D1919: 1656 | E1919: 7231 | F1919: 35035

Sheet Prep
A1: Year | B1: Employees | C1: Avg Annual Wage | D1: Selection | E1: Industry (2020) | F1: Employees | G1: Avg Annual Wage | I1: State (2020) | J1: Employees | K1: Avg Annual Wage
A2: 2017 | B2: =SUMIFS(Data!$E$2:$E$1919,Data!$A$2:$A$1919,A2,Data!$B$2:$B$1919,$B$9) -> 27033069 | C2: =AVERAGEIFS(Data!$F$2:$F$1919,Data!$A$2:$A$1919,A2,Data!$B$2:$B$1919,$B$9) -> 43391.396 | D2: =IF(E2=$B$9,G2,0) -> 0 | E2: Information | F2: =SUMIFS(Data!$E$2:$E$1919,Data!$B$2:$B$1919,E2,Data!$A$2:$A$1919,$B$7) -> 2677815 | G2: =AVERAGEIFS(Data!$F$2:$F$1919,Data!$B$2:$B$1919,E2,Data!$A$2:$A$1919,$B$7) -> 93586.333 | I2: Alabama | J2: =SUMIFS(Data!$E$2:$E$1919,Data!$C$2:$C$1919,I2,Data!$A$2:$A$1919,$B$7,Data!$B$2:$B$1919,$B$9) -> 372620 | K2: =AVERAGEIFS(Data!$F$2:$F$1919,Data!$C$2:$C$1919,I2,Data!$A$2:$A$1919,$B$7,Data!$B$2:$B$1919,$B$9) -> 45853
A3: 2018 | B3: =SUMIFS(Data!$E$2:$E$1919,Data!$A$2:$A$1919,A3,Data!$B$2:$B$1919,$B$9) -> 27186117 | C3: =AVERAGEIFS(Data!$F$2:$F$1919,Data!$A$2:$A$1919,A3,Data!$B$2:$B$1919,$B$9) -> 44830.667 | D3: =IF(E3=$B$9,G3,0) -> 0 | E3: Finance | F3: =SUMIFS(Data!$E$2:$E$1919,Data!$B$2:$B$1919,E3,Data!$A$2:$A$1919,$B$7) -> 8142043 | G3: =AVERAGEIFS(Data!$F$2:$F$1919,Data!$B$2:$B$1919,E3,Data!$A$2:$A$1919,$B$7) -> 90040.667 | I3: Arizona | J3: =SUMIFS(Data!$E$2:$E$1919,Data!$C$2:$C$1919,I3,Data!$A$2:$A$1919,$B$7,Data!$B$2:$B$1919,$B$9) -> 546143 | K3: =AVERAGEIFS(Data!$F$2:$F$1919,Data!$C$2:$C$1919,I3,Data!$A$2:$A$1919,$B$7,Data!$B$2:$B$1919,$B$9) -> 51498
A4: 2019 | B4: =SUMIFS(Data!$E$2:$E$1919,Data!$A$2:$A$1919,A4,Data!$B$2:$B$1919,$B$9) -> 27304411 | C4: =AVERAGEIFS(Data!$F$2:$F$1919,Data!$A$2:$A$1919,A4,Data!$B$2:$B$1919,$B$9) -> 46352.958 | D4: =IF(E4=$B$9,G4,0) -> 0 | E4: Business Services | F4: =SUMIFS(Data!$E$2:$E$1919,Data!$B$2:$B$1919,E4,Data!$A$2:$A$1919,$B$7) -> 20065896 | G4: =AVERAGEIFS(Data!$F$2:$F$1919,Data!$B$2:$B$1919,E4,Data!$A$2:$A$1919,$B$7) -> 74713.062 | I4: Arkansas | J4: =SUMIFS(Data!$E$2:$E$1919,Data!$C$2:$C$1919,I4,Data!$A$2:$A$1919,$B$7,Data!$B$2:$B$1919,$B$9) -> 244074 | K4: =AVERAGEIFS(Data!$F$2:$F$1919,Data!$C$2:$C$1919,I4,Data!$A$2:$A$1919,$B$7,Data!$B$2:$B$1919,$B$9) -> 45673
A5: 2020 | B5: =SUMIFS(Data!$E$2:$E$1919,Data!$A$2:$A$1919,A5,Data!$B$2:$B$1919,$B$9) -> 26277342 | C5: =AVERAGEIFS(Data!$F$2:$F$1919,Data!$A$2:$A$1919,A5,Data!$B$2:$B$1919,$B$9) -> 49366.812 | D5: =IF(E5=$B$9,G5,0) -> 0 | E5: Manufacturing | F5: =SUMIFS(Data!$E$2:$E$1919,Data!$B$2:$B$1919,E5,Data!$A$2:$A$1919,$B$7) -> 12058694 | G5: =AVERAGEIFS(Data!$F$2:$F$1919,Data!$B$2:$B$1919,E5,Data!$A$2:$A$1919,$B$7) -> 68427.875 | I5: California | J5: =SUMIFS(Data!$E$2:$E$1919,Data!$C$2:$C$1919,I5,Data!$A$2:$A$1919,$B$7,Data!$B$2:$B$1919,$B$9) -> 2888684 | K5: =AVERAGEIFS(Data!$F$2:$F$1919,Data!$C$2:$C$1919,I5,Data!$A$2:$A$1919,$B$7,Data!$B$2:$B$1919,$B$9) -> 58800
D6: =IF(E6=$B$9,G6,0) -> 0 | E6: Construction | F6: =SUMIFS(Data!$E$2:$E$1919,Data!$B$2:$B$1919,E6,Data!$A$2:$A$1919,$B$7) -> 7136444 | G6: =AVERAGEIFS(Data!$F$2:$F$1919,Data!$B$2:$B$1919,E6,Data!$A$2:$A$1919,$B$7) -> 63896.896 | I6: Colorado | J6: =SUMIFS(Data!$E$2:$E$1919,Data!$C$2:$C$1919,I6,Data!$A$2:$A$1919,$B$7,Data!$B$2:$B$1919,$B$9) -> 465887 | K6: =AVERAGEIFS(Data!$F$2:$F$1919,Data!$C$2:$C$1919,I6,Data!$A$2:$A$1919,$B$7,Data!$B$2:$B$1919,$B$9) -> 55719
A7: Year: | B7: 2020 | D7: =IF(E7=$B$9,G7,0) -> 0 | E7: Natural Resources | F7: =SUMIFS(Data!$E$2:$E$1919,Data!$B$2:$B$1919,E7,Data!$A$2:$A$1919,$B$7) -> 1762873 | G7: =AVERAGEIFS(Data!$F$2:$F$1919,Data!$B$2:$B$1919,E7,Data!$A$2:$A$1919,$B$7) -> 55605.938 | I7: Connecticut | J7: =SUMIFS(Data!$E$2:$E$1919,Data!$C$2:$C$1919,I7,Data!$A$2:$A$1919,$B$7,Data!$B$2:$B$1919,$B$9) -> 276491 | K7: =AVERAGEIFS(Data!$F$2:$F$1919,Data!$C$2:$C$1919,I7,Data!$A$2:$A$1919,$B$7,Data!$B$2:$B$1919,$B$9) -> 55859
D8: =IF(E8=$B$9,G8,0) -> 0 | E8: Education & Health | F8: =SUMIFS(Data!$E$2:$E$1919,Data!$B$2:$B$1919,E8,Data!$A$2:$A$1919,$B$7) -> 22035033 | G8: =AVERAGEIFS(Data!$F$2:$F$1919,Data!$B$2:$B$1919,E8,Data!$A$2:$A$1919,$B$7) -> 53607.208 | I8: Delaware | J8: =SUMIFS(Data!$E$2:$E$1919,Data!$C$2:$C$1919,I8,Data!$A$2:$A$1919,$B$7,Data!$B$2:$B$1919,$B$9) -> 76267 | K8: =AVERAGEIFS(Data!$F$2:$F$1919,Data!$C$2:$C$1919,I8,Data!$A$2:$A$1919,$B$7,Data!$B$2:$B$1919,$B$9) -> 45667
A9: Industry | B9: =Dashboard!C3 -> Trade & Transportation | D9: =IF(E9=$B$9,G9,0) -> 49366.812 | E9: Trade & Transportation | F9: =SUMIFS(Data!$E$2:$E$1919,Data!$B$2:$B$1919,E9,Data!$A$2:$A$1919,$B$7) -> 26277342 | G9: =AVERAGEIFS(Data!$F$2:$F$1919,Data!$B$2:$B$1919,E9,Data!$A$2:$A$1919,$B$7) -> 49366.812 | I9: Florida | J9: =SUMIFS(Data!$E$2:$E$1919,Data!$C$2:$C$1919,I9,Data!$A$2:$A$1919,$B$7,Data!$B$2:$B$1919,$B$9) -> 1739110 | K9: =AVERAGEIFS(Data!$F$2:$F$1919,Data!$C$2:$C$1919,I9,Data!$A$2:$A$1919,$B$7,Data!$B$2:$B$1919,$B$9) -> 49391
D10: =IF(E10=$B$9,G10,0) -> 0 | E10: Other Services | F10: =SUMIFS(Data!$E$2:$E$1919,Data!$B$2:$B$1919,E10,Data!$A$2:$A$1919,$B$7) -> 3843699 | G10: =AVERAGEIFS(Data!$F$2:$F$1919,Data!$B$2:$B$1919,E10,Data!$A$2:$A$1919,$B$7) -> 40790.188 | I10: Georgia | J10: =SUMIFS(Data!$E$2:$E$1919,Data!$C$2:$C$1919,I10,Data!$A$2:$A$1919,$B$7,Data!$B$2:$B$1919,$B$9) -> 913981 | K10: =AVERAGEIFS(Data!$F$2:$F$1919,Data!$C$2:$C$1919,I10,Data!$A$2:$A$1919,$B$7,Data!$B$2:$B$1919,$B$9) -> 52104
D11: =IF(E11=$B$9,G11,0) -> 0 | E11: Leisure & Hospitality | F11: =SUMIFS(Data!$E$2:$E$1919,Data!$B$2:$B$1919,E11,Data!$A$2:$A$1919,$B$7) -> 12649500 | G11: =AVERAGEIFS(Data!$F$2:$F$1919,Data!$B$2:$B$1919,E11,Data!$A$2:$A$1919,$B$7) -> 23286.417 | I11: Idaho | J11: =SUMIFS(Data!$E$2:$E$1919,Data!$C$2:$C$1919,I11,Data!$A$2:$A$1919,$B$7,Data!$B$2:$B$1919,$B$9) -> 143264 | K11: =AVERAGEIFS(Data!$F$2:$F$1919,Data!$C$2:$C$1919,I11,Data!$A$2:$A$1919,$B$7,Data!$B$2:$B$1919,$B$9) -> 44610
I12: Illinois | J12: =SUMIFS(Data!$E$2:$E$1919,Data!$C$2:$C$1919,I12,Data!$A$2:$A$1919,$B$7,Data!$B$2:$B$1919,$B$9) -> 1140749 | K12: =AVERAGEIFS(Data!$F$2:$F$1919,Data!$C$2:$C$1919,I12,Data!$A$2:$A$1919,$B$7,Data!$B$2:$B$1919,$B$9) -> 55780
E13: =B9 -> Trade & Transportation | F13: =VLOOKUP($B$9,$E$2:$F$11,2,FALSE) -> 26277342 | G13: =F13/SUM(F13:F14) -> 0.22526782 | I13: Indiana | J13: =SUMIFS(Data!$E$2:$E$1919,Data!$C$2:$C$1919,I13,Data!$A$2:$A$1919,$B$7,Data!$B$2:$B$1919,$B$9) -> 583686 | K13: =AVERAGEIFS(Data!$F$2:$F$1919,Data!$C$2:$C$1919,I13,Data!$A$2:$A$1919,$B$7,Data!$B$2:$B$1919,$B$9) -> 45931
E14: Other | F14: =SUM(F2:F11)-F13 -> 90371997 | G14: =100%-G13 -> 0.77473218 | I14: Iowa | J14: =SUMIFS(Data!$E$2:$E$1919,Data!$C$2:$C$1919,I14,Data!$A$2:$A$1919,$B$7,Data!$B$2:$B$1919,$B$9) -> 298376 | K14: =AVERAGEIFS(Data!$F$2:$F$1919,Data!$C$2:$C$1919,I14,Data!$A$2:$A$1919,$B$7,Data!$B$2:$B$1919,$B$9) -> 44146
I15: Kansas | J15: =SUMIFS(Data!$E$2:$E$1919,Data!$C$2:$C$1919,I15,Data!$A$2:$A$1919,$B$7,Data!$B$2:$B$1919,$B$9) -> 255575 | K15: =AVERAGEIFS(Data!$F$2:$F$1919,Data!$C$2:$C$1919,I15,Data!$A$2:$A$1919,$B$7,Data!$B$2:$B$1919,$B$9) -> 46012
I16: Kentucky | J16: =SUMIFS(Data!$E$2:$E$1919,Data!$C$2:$C$1919,I16,Data!$A$2:$A$1919,$B$7,Data!$B$2:$B$1919,$B$9) -> 393361 | K16: =AVERAGEIFS(Data!$F$2:$F$1919,Data!$C$2:$C$1919,I16,Data!$A$2:$A$1919,$B$7,Data!$B$2:$B$1919,$B$9) -> 46839
I17: Louisiana | J17: =SUMIFS(Data!$E$2:$E$1919,Data!$C$2:$C$1919,I17,Data!$A$2:$A$1919,$B$7,Data!$B$2:$B$1919,$B$9) -> 358336 | K17: =AVERAGEIFS(Data!$F$2:$F$1919,Data!$C$2:$C$1919,I17,Data!$A$2:$A$1919,$B$7,Data!$B$2:$B$1919,$B$9) -> 46029
I18: Maine | J18: =SUMIFS(Data!$E$2:$E$1919,Data!$C$2:$C$1919,I18,Data!$A$2:$A$1919,$B$7,Data!$B$2:$B$1919,$B$9) -> 111483 | K18: =AVERAGEIFS(Data!$F$2:$F$1919,Data!$C$2:$C$1919,I18,Data!$A$2:$A$1919,$B$7,Data!$B$2:$B$1919,$B$9) -> 43084
I19: Maryland | J19: =SUMIFS(Data!$E$2:$E$1919,Data!$C$2:$C$1919,I19,Data!$A$2:$A$1919,$B$7,Data!$B$2:$B$1919,$B$9) -> 441680 | K19: =AVERAGEIFS(Data!$F$2:$F$1919,Data!$C$2:$C$1919,I19,Data!$A$2:$A$1919,$B$7,Data!$B$2:$B$1919,$B$9) -> 50800
I20: Massachusetts | J20: =SUMIFS(Data!$E$2:$E$1919,Data!$C$2:$C$1919,I20,Data!$A$2:$A$1919,$B$7,Data!$B$2:$B$1919,$B$9) -> 526726 | K20: =AVERAGEIFS(Data!$F$2:$F$1919,Data!$C$2:$C$1919,I20,Data!$A$2:$A$1919,$B$7,Data!$B$2:$B$1919,$B$9) -> 61082
I21: Michigan | J21: =SUMIFS(Data!$E$2:$E$1919,Data!$C$2:$C$1919,I21,Data!$A$2:$A$1919,$B$7,Data!$B$2:$B$1919,$B$9) -> 745824 | K21: =AVERAGEIFS(Data!$F$2:$F$1919,Data!$C$2:$C$1919,I21,Data!$A$2:$A$1919,$B$7,Data!$B$2:$B$1919,$B$9) -> 51869
I22: Minnesota | J22: =SUMIFS(Data!$E$2:$E$1919,Data!$C$2:$C$1919,I22,Data!$A$2:$A$1919,$B$7,Data!$B$2:$B$1919,$B$9) -> 499190 | K22: =AVERAGEIFS(Data!$F$2:$F$1919,Data!$C$2:$C$1919,I22,Data!$A$2:$A$1919,$B$7,Data!$B$2:$B$1919,$B$9) -> 53843
I23: Mississippi | J23: =SUMIFS(Data!$E$2:$E$1919,Data!$C$2:$C$1919,I23,Data!$A$2:$A$1919,$B$7,Data!$B$2:$B$1919,$B$9) -> 226629 | K23: =AVERAGEIFS(Data!$F$2:$F$1919,Data!$C$2:$C$1919,I23,Data!$A$2:$A$1919,$B$7,Data!$B$2:$B$1919,$B$9) -> 40176
I24: Missouri | J24: =SUMIFS(Data!$E$2:$E$1919,Data!$C$2:$C$1919,I24,Data!$A$2:$A$1919,$B$7,Data!$B$2:$B$1919,$B$9) -> 519916 | K24: =AVERAGEIFS(Data!$F$2:$F$1919,Data!$C$2:$C$1919,I24,Data!$A$2:$A$1919,$B$7,Data!$B$2:$B$1919,$B$9) -> 46520
I25: Montana | J25: =SUMIFS(Data!$E$2:$E$1919,Data!$C$2:$C$1919,I25,Data!$A$2:$A$1919,$B$7,Data!$B$2:$B$1919,$B$9) -> 89315 | K25: =AVERAGEIFS(Data!$F$2:$F$1919,Data!$C$2:$C$1919,I25,Data!$A$2:$A$1919,$B$7,Data!$B$2:$B$1919,$B$9) -> 43996
I26: Nebraska | J26: =SUMIFS(Data!$E$2:$E$1919,Data!$C$2:$C$1919,I26,Data!$A$2:$A$1919,$B$7,Data!$B$2:$B$1919,$B$9) -> 182745 | K26: =AVERAGEIFS(Data!$F$2:$F$1919,Data!$C$2:$C$1919,I26,Data!$A$2:$A$1919,$B$7,Data!$B$2:$B$1919,$B$9) -> 44095
... I49: Wyoming | J49: =SUMIFS(Data!$E$2:$E$1919,Data!$C$2:$C$1919,I49,Data!$A$2:$A$1919,$B$7,Data!$B$2:$B$1919,$B$9) -> 48509 | K49: =AVERAGEIFS(Data!$F$2:$F$1919,Data!$C$2:$C$1919,I49,Data!$A$2:$A$1919,$B$7,Data!$B$2:$B$1919,$B$9) -> 44879

Sheet Dashboard
B3: Industry: | C3: Trade & Transportation
